molecule_chembl_id,canonical_smiles,standard_value,class
CHEMBL6633,Nc1nccc(Nc2ccc(S(N)(=O)=O)cc2)n1,33.0,active
CHEMBL20,CC(=O)Nc1nnc(S(N)(=O)=O)s1,12.0,active
CHEMBL77517,NS(=O)(=O)c1ccc(S(=O)(=O)Nc2cccc3c(Cl)c[nH]c23)cc1,15.0,active
CHEMBL6724,Nc1ccc(S(N)(=O)=O)cc1Br,40.0,active
CHEMBL501294,Cc1cc(C)[n+](NC(=O)c2[nH]c3ccc(S(N)(=O)=O)cc3c2-c2c(F)c(F)c(F)c(F)c2F)c(C)c1.[O-][Cl+3]([O-])([O-])[O-],0.93,active
CHEMBL521690,COc1cccc(-c2c(C(=O)N[n+]3c(C)cc(C)cc3C)[nH]c3ccc(S(N)(=O)=O)cc23)c1.[O-][Cl+3]([O-])([O-])[O-],2840.0,intermediate
CHEMBL468946,Cc1ccc(-c2c(C(=O)N[n+]3c(C)cc(C)cc3C)[nH]c3ccc(S(N)(=O)=O)cc23)cc1.[O-][Cl+3]([O-])([O-])[O-],68.0,active
CHEMBL468945,Cc1cccc(-c2c(C(=O)N[n+]3c(C)cc(C)cc3C)[nH]c3ccc(S(N)(=O)=O)cc23)c1.[O-][Cl+3]([O-])([O-])[O-],104.0,active
CHEMBL466234,Cc1cc(C)[n+](NC(=O)c2[nH]c3ccc(S(N)(=O)=O)cc3c2-c2ccccc2C)c(C)c1.[O-][Cl+3]([O-])([O-])[O-],106.0,active
CHEMBL511239,Cc1cc(C)[n+](NC(=O)c2[nH]c3ccc(S(N)(=O)=O)cc3c2-c2ccc(Br)cc2)c(C)c1.[O-][Cl+3]([O-])([O-])[O-],85.0,active
CHEMBL467898,Cc1cc(C)[n+](NC(=O)c2[nH]c3ccc(S(N)(=O)=O)cc3c2-c2cccc(Br)c2)c(C)c1.[O-][Cl+3]([O-])([O-])[O-],74.0,active
CHEMBL467897,Cc1cc(C)[n+](NC(=O)c2[nH]c3ccc(S(N)(=O)=O)cc3c2-c2ccccc2Br)c(C)c1.[O-][Cl+3]([O-])([O-])[O-],38.0,active
CHEMBL513854,Cc1cc(C)[n+](NC(=O)c2[nH]c3ccc(S(N)(=O)=O)cc3c2-c2ccc(Cl)cc2)c(C)c1.[O-][Cl+3]([O-])([O-])[O-],77.0,active
CHEMBL467258,Cc1cc(C)[n+](NC(=O)c2[nH]c3ccc(S(N)(=O)=O)cc3c2-c2cccc(Cl)c2)c(C)c1.[O-][Cl+3]([O-])([O-])[O-],1800.0,intermediate
CHEMBL513835,Cc1cc(C)[n+](NC(=O)c2[nH]c3ccc(S(N)(=O)=O)cc3c2-c2ccccc2Cl)c(C)c1.[O-][Cl+3]([O-])([O-])[O-],100.0,active
CHEMBL468294,Cc1cc(C)[n+](NC(=O)c2[nH]c3ccc(S(N)(=O)=O)cc3c2-c2ccc(F)cc2)c(C)c1.[O-][Cl+3]([O-])([O-])[O-],65.0,active
CHEMBL468094,Cc1cc(C)[n+](NC(=O)c2[nH]c3ccc(S(N)(=O)=O)cc3c2-c2cccc(F)c2)c(C)c1.[O-][Cl+3]([O-])([O-])[O-],3380.0,intermediate
CHEMBL469126,Cc1cc(C)[n+](NC(=O)c2[nH]c3ccc(S(N)(=O)=O)cc3c2-c2ccccc2F)c(C)c1.[O-][Cl+3]([O-])([O-])[O-],91.0,active
CHEMBL466832,Cc1cc(C)[n+](NC(=O)c2[nH]c3ccc(S(N)(=O)=O)cc3c2-c2ccccc2)c(C)c1.[O-][Cl+3]([O-])([O-])[O-],71.0,active
CHEMBL512633,NC(=O)c1[nH]c2ccc(S(N)(=O)=O)cc2c1-c1ccccc1,7.2,active
CHEMBL379206,NS(=O)(=O)c1ccc(/N=N/c2ccc(O)cc2)cc1,12400.0,inactive
CHEMBL16909,Nc1ccc(/N=N/c2ccc(S(N)(=O)=O)cc2)cc1,8780.0,intermediate
CHEMBL571371,CNc1ccc(/N=N/c2ccc(S(N)(=O)=O)cc2)cc1,9180.0,intermediate
CHEMBL277836,CN(C)c1ccc(/N=N/c2ccc(S(N)(=O)=O)cc2)cc1,30700.0,inactive
CHEMBL274704,NS(=O)(=O)c1ccc(/N=N/c2ccc(NCS(=O)(=O)[O-])cc2)cc1.[Na+],8900.0,intermediate
CHEMBL569804,CN(CS(=O)(=O)[O-])c1ccc(/N=N/c2ccc(S(N)(=O)=O)cc2)cc1.[Na+],9030.0,intermediate
CHEMBL571385,NS(=O)(=O)c1cccc(/N=N/c2ccc(O)cc2)c1,9230.0,intermediate
CHEMBL570615,Nc1ccc(/N=N/c2cccc(S(N)(=O)=O)c2)cc1,8680.0,intermediate
CHEMBL576908,CN(C)c1ccc(/N=N/c2cccc(S(N)(=O)=O)c2)cc1,9360.0,intermediate
CHEMBL570257,NS(=O)(=O)c1cccc(/N=N/c2ccc(NCS(=O)(=O)[O-])cc2)c1.[Na+],9450.0,intermediate
CHEMBL569350,CN(CS(=O)(=O)[O-])c1ccc(/N=N/c2cccc(S(N)(=O)=O)c2)cc1.[Na+],7400.0,intermediate
CHEMBL569351,O=S(=O)([O-])CNc1ccccc1.[Na+],8900.0,intermediate
CHEMBL571598,CN(CS(=O)(=O)[O-])c1ccccc1.[Na+],9110.0,intermediate
CHEMBL237251,CC(=O)Nc1cc2c(O)c(/N=N/c3ccc(S(N)(=O)=O)cc3)c(S(=O)(=O)O)cc2cc1S(=O)(=O)O,148.0,active
CHEMBL19,CC(=O)/N=c1/sc(S(N)(=O)=O)nn1C,562.0,active
CHEMBL218490,CCN[C@H]1C[C@H](C)S(=O)(=O)c2sc(S(N)(=O)=O)cc21,137.0,active
CHEMBL220491,CCN[C@H]1CN(CCCOC)S(=O)(=O)c2sc(S(N)(=O)=O)cc21,201.0,active
CHEMBL419,NCc1ccc(S(N)(=O)=O)cc1,7330.0,intermediate
CHEMBL7087,NCCc1ccc(S(N)(=O)=O)cc1,3420.0,intermediate
CHEMBL266026,Nc1ccc(S(=O)(=O)NCc2ccc(S(N)(=O)=O)cc2)cc1,2210.0,intermediate
CHEMBL7146,Nc1ccc(S(=O)(=O)NCCc2ccc(S(N)(=O)=O)cc2)cc1,170.0,active
CHEMBL21,Nc1ccc(S(N)(=O)=O)cc1,6240.0,intermediate
CHEMBL25600,NS(=O)(=O)c1ccc(NC(=O)Nc2ccccc2)cc1,758.0,active
CHEMBL1643289,NS(=O)(=O)c1ccc(NC(=O)NCc2ccccc2)cc1,717.0,active
CHEMBL1643290,NS(=O)(=O)c1ccc(NC(=O)NC(c2ccccc2)c2ccccc2)cc1,6380.0,intermediate
CHEMBL1615281,NS(=O)(=O)c1ccc(NC(=O)Nc2ccc(F)cc2)cc1,53.0,active
CHEMBL1446150,NS(=O)(=O)c1ccc(NC(=O)Nc2ccc(Cl)cc2)cc1,63.1,active
CHEMBL1643291,NS(=O)(=O)c1ccc(NC(=O)Nc2ccc(Br)cc2)cc1,87.1,active
CHEMBL1643292,NS(=O)(=O)c1ccc(NC(=O)Nc2ccc(I)cc2)cc1,56.4,active
CHEMBL1337519,NS(=O)(=O)c1ccc(NC(=O)Nc2ccc(C(F)(F)F)cc2)cc1,533.0,active
CHEMBL1643293,NS(=O)(=O)c1ccc(NC(=O)Nc2cc(C(F)(F)F)cc(C(F)(F)F)c2)cc1,481.0,active
CHEMBL316779,NS(=O)(=O)c1ccc(NC(=O)Nc2c(F)c(F)c(F)c(F)c2F)cc1,6.4,active
CHEMBL1643294,COc1ccccc1NC(=O)Nc1ccc(S(N)(=O)=O)cc1,603.0,active
CHEMBL1643295,CC(=O)c1ccc(NC(=O)Nc2ccc(S(N)(=O)=O)cc2)cc1,74.6,active
CHEMBL1615280,CC(C)c1ccccc1NC(=O)Nc1ccc(S(N)(=O)=O)cc1,6850.0,intermediate
CHEMBL1643296,CC(C)c1ccc(NC(=O)Nc2ccc(S(N)(=O)=O)cc2)cc1,57.5,active
CHEMBL1643297,CCCCc1ccc(NC(=O)Nc2ccc(S(N)(=O)=O)cc2)cc1,63.7,active
CHEMBL1643298,CCCCOc1ccc(NC(=O)Nc2ccc(S(N)(=O)=O)cc2)cc1,63.0,active
CHEMBL1643299,CCCCCCCCc1ccc(NC(=O)Nc2ccc(S(N)(=O)=O)cc2)cc1,81.2,active
CHEMBL1643300,N#Cc1ccc(NC(=O)Nc2ccc(S(N)(=O)=O)cc2)cc1,64.4,active
CHEMBL1643301,N#Cc1ccccc1NC(=O)Nc1ccc(S(N)(=O)=O)cc1,463.0,active
CHEMBL1643302,NS(=O)(=O)c1ccc(NC(=O)Nc2ccc(Oc3ccccc3)cc2)cc1,818.0,active
CHEMBL1643303,NS(=O)(=O)c1ccc(NC(=O)Nc2ccccc2-c2ccccc2)cc1,748.0,active
CHEMBL1614844,NS(=O)(=O)c1ccc(NC(=O)Nc2cccc([N+](=O)[O-])c2)cc1,6.5,active
CHEMBL1643304,COc1ccc(NC(=O)Nc2ccc(S(N)(=O)=O)cc2)c(C)c1,70.3,active
CHEMBL1643305,NS(=O)(=O)c1ccc(NC(=O)Nc2ccc3c(c2)Cc2ccccc2-3)cc1,370.0,active
CHEMBL1615215,NS(=O)(=O)c1ccc(NC(=O)NC2CCCC2)cc1,733.0,active
CHEMBL1643306,Cc1cc(C)cc(NC(=O)Nc2ccc(S(N)(=O)=O)cc2)c1,768.0,active
CHEMBL1643307,NS(=O)(=O)c1ccc(NC(=O)Nc2ccc3c(c2)CCC3)cc1,632.0,active
CHEMBL53566,OCCc1ccc(O)cc1,12100.0,inactive
CHEMBL1772,O=C(O)Cc1ccc(O)cc1,11400.0,inactive
CHEMBL447310,NC(=O)Cc1ccc(O)cc1,9120.0,intermediate
CHEMBL592010,O=C(O)Cc1ccc(O)c(Cl)c1,10800.0,inactive
CHEMBL592140,NC(=O)Cc1ccc(O)c(Cl)c1,11200.0,inactive
CHEMBL463133,COC(=O)/C=C/C(=O)N[C@H](Cc1ccc(O)c(Cl)c1)C(=O)O,11300.0,inactive
CHEMBL463134,COC(=O)/C=C/C(=O)N[C@@H](Cc1ccc(O)c(Cl)c1)C(=O)O,10900.0,inactive
CHEMBL603189,COc1cc(/C=C2\N=C(N)NC2=O)ccc1O,910.0,active
CHEMBL591736,NC1=N/C(=C\c2ccc(O)c(O)c2)C(=O)N1,920.0,active
CHEMBL592384,COc1cc(C)cc2oc3ccc(O)c(C(=O)O)c3c(=O)c12,11400.0,inactive
CHEMBL590883,COc1cc(CO)cc2oc3ccc(O)c(C(=O)O)c3c(=O)c12,10900.0,inactive
CHEMBL228274,COc1cc([C@@H]2[C@@H](C)[C@H](C)[C@H]2c2ccc(O)c(OC)c2)ccc1O,8920.0,intermediate
CHEMBL517222,COc1cc([C@@H]2[C@@H](C)[C@@H](C)[C@@H]2c2ccc(O)c(OC)c2)ccc1O,890.0,active
CHEMBL375927,COc1cc(C[C@@H](C)[C@H](C)Cc2ccc(O)c(OC)c2)ccc1O,9100.0,intermediate
CHEMBL589354,O=C(Cc1ccc(O)c(Cl)c1)NCc1ccccc1,980.0,active
CHEMBL601464,O=C(Cc1ccc(O)c(Cl)c1)NCCc1ccccc1,970.0,active
CHEMBL589606,COc1cccc(CCNC(=O)Cc2ccc(O)c(Cl)c2)c1,910.0,active
CHEMBL589604,COc1ccc(CCNC(=O)Cc2ccc(O)c(Cl)c2)cc1OC,900.0,active
CHEMBL606453,NS(=O)(=O)c1ccc(CCNC(=O)Cc2ccc(O)c(Cl)c2)cc1,850.0,active
CHEMBL588491,COCCNC(=O)Cc1ccc(O)c(Cl)c1,1140.0,intermediate
CHEMBL578932,CC(C)(C)NC(=O)Cc1ccc(O)c(Cl)c1,10200.0,inactive
CHEMBL605189,CCCCNC(=O)Cc1ccc(O)c(Cl)c1,10400.0,inactive
CHEMBL220492,CC1(C)O[C@@H]2[C@@H](CO[C@@]3(COS(N)(=O)=O)OC(C)(C)O[C@@H]23)O1,3020.0,intermediate
CHEMBL750,NS(=O)(=O)Cc1noc2ccccc12,210.0,active
CHEMBL14060,Oc1ccccc1,79000.0,inactive
CHEMBL865,Cc1onc(-c2ccccc2)c1-c1ccc(S(N)(=O)=O)cc1,7810.0,intermediate
CHEMBL118,Cc1ccc(-c2cc(C(F)(F)F)nn2-c2ccc(S(N)(=O)=O)cc2)cc1,7760.0,intermediate
CHEMBL2179304,Cc1ccc2c(n1)SCc1cnn(-c3ccc(S(N)(=O)=O)cc3)c1-2,241.0,active
CHEMBL2179305,NS(=O)(=O)c1ccc(-n2ncc3c2-c2cccnc2SC3)cc1,286.0,active
CHEMBL2179306,NS(=O)(=O)c1ccc(-n2ncc3c2-c2ccc(C(F)(F)F)cc2SC3)cc1,238.0,active
CHEMBL2179307,NS(=O)(=O)c1ccc(-n2ncc3c2-c2ccc(Cl)cc2SC3)cc1,316.0,active
CHEMBL2179308,COc1ccc2c(c1)SCc1cnn(-c3ccc(S(N)(=O)=O)cc3)c1-2,750.0,active
